1,vii,1616,F,16,9910244502,lala@hotmail.com,2,O+,1,470
1616,Abhishek,8888888888,M,25,9022937399,vitae.aliquam.eros@nibhDonecest.org,7,O+,12,3000
1981,Aditya,2222222222,M,45,9022887399,sit.amet@risus.net,1,AB+,7,1750
2346,Tanya,3713431373,F,32,9456737399,orci@idblanditat.net,24,O+,1,250
2711,Priyanka,3.71E+11,F,29,9000037399,amet.ante@Duismienim.edu,21,A+,11,2750
3077,divya,371271237,F,41,9822937399,sed.dictum.eleifend@rhoncusProin.edu,1,O+,12,3000
3442,tanvi,9.32E+11,F,28,7689493621,est@utdolordapibus.edu,15,O-,21,5250
3807,Ishita,4920002490,F,31,6557749302,enim.diam@orciUt.com,7,O+,2,500
4172,Amit,3214741324,M,33,7689332826,facilisis.lorem@sit.net,26,O+,1,250
4538,mahesh,6529392659,M,29,8908765436,hendrerit@sodalesMauris.org,3,A+,2,500
4903,ROHIT,3748084378,M,30,9099937399,ornare.egestas@nonummy.ca,21,B+,4,1000
5268,yash,3739693379,M,22,9022937000,adipiscing.elit@facilisisSuspendissecommodo.com,47,O+,3,750
5633,vani,7074347704,F,27,9899770655,Nunc.lectus.pede@in.net,5,AB-,7,1750
5999,Anjali,6.51E+11,F,37,7899865433,Aliquam.tincidunt.nunc@volutpat.org,3,O+,11,2750
6364,Ankit,4711611471,M,31,8885447855,blandit.enim.consequat@Nullamnisl.org,11,O+,1,250
6729,shyam,3146264316,M,34,9876031111,lobortis.nisi@eleifendnunc.net,12,O+,4,1000
7094,Deepak,9812921982,M,44,7654398889,nec.urna.et@sociis.co.uk,44,B+,1,250
7460,Aryan,6666666666,M,51,9908766554,Quisque.porttitor@ullamcorperDuis.org,6,A+,6,1500
7825,Raj,31412114031,M,24,8876903547,Morbi@Craseget.edu,2,B+,14,3500
8190,Arjun,2.22E+11,M,26,8976422345,Nam.nulla.magna@euismod.co.uk,2,O+,14,3500
8555,Manoj,4543534453,M,42,8163545676,Curabitur.consequat@semvitaealiquam.edu,21,O+,4,1000
8921,ankur,4273237423,M,35,8800442123,aliquam@quispede.org,1,A+,7,1750
9286,Shreya,3268632,F,29,8890432345,ut@nequetellusimperdiet.co.uk,2,A+,6,1500
9651,riya,2378587238,F,30,9806423454,magna@nec.org,4,O+,7,1750
10016,Sneha,6611011661,F,40,8989766666,massa.Vestibulum.accumsan@nullaante.org,7,A-,1,250
10382,Aishwarya,5637373567,F,36,9865456786,eu@enimcondimentumeget.ca,13,A+,3,750
10747,akash,4.31E+11,M,27,8765443234,ultricies.ornare.elit@Uttinciduntorci.net,15,B-,14,3500
11112,Gayatri,6726162676,F,25,8234567547,eu.nibh.vulputate@veliteget.org,6,O+,2,500
11477,varsha,5614441564,F,45,9823456723,sagittis@Donecvitaeerat.net,15,AB-,1,250
11843,Ira,5232823522,F,32,7987652345,non.vestibulum.nec@NullaaliquetProin.edu,22,O+,3,750
12208,sanjana,5.61E+11,F,29,9123456776,Morbi@nulla.com,14,B+,12,3000
12573,Niharika,3.41E+11,F,41,9465234568,velit.Aliquam@anteVivamus.co.uk,29,A+,14,3500
12938,Nikita,7677977767,F,28,9345676683,In@necimperdiet.edu,9,O-,7,1750
13304,natasha,6411311641,F,31,7555664357,Integer.sem@Aliquamadipiscinglobortis.edu,11,B-,1,250
13669,Neha,4779697479,F,33,8805447855,purus.Duis.elementum@Morbimetus.net,33,A+,7,1750
14034,shivangi,3126062316,F,29,9876031011,Aliquam.nisl@pedeacurna.ca,19,O+,2,500
14399,ramya,9870307980,F,30,7650398889,magna.Cras@pretium.edu,1,B+,7,1750
14765,Isha,6628782668,F,40,9901766554,dictum.augue.malesuada@arcuimperdiet.org,60,O+,2,500
15130,ananya,15151005,F,36,8876900547,vitae.mauris@eutellusPhasellus.com,21,B+,1,250
15495,shivani,2063436203,F,27,8976420345,ut.erat.Sed@utlacusNulla.co.uk,1,A+,6,1500
15860,Sakshi,4010801400,F,25,8163540676,non.leo.Vivamus@elit.org,2,O+,1,250
16226,Karan,4022240,M,45,8800440123,lacinia.mattis.Integer@faucibus.org,15,O+,2,500
16591,rakesh,3068586308,M,32,8890430345,facilisis.Suspendisse.commodo@Fuscealiquetmagna.com,7,B+,6,1500
16956,Sam,2361916231,M,29,9806423454,Nam.porttitor@mattisInteger.ca,49,O+,6,1500
17321,Naveen,6657375667,M,41,8989766666,ipsum.non@velmaurisInteger.org,12,A+,5,1250
17687,Ashish,5634643564,M,28,9865456786,sagittis.Nullam@augueeutempor.org,8,O+,3,750
18052,Vinay,4310143,M,31,8765443234,vitae.erat.vel@euarcu.net,62,O+,1,250
18417,Parth,6741414671,M,33,8234567547,Nunc.ac.sem@ipsumDonec.net,15,O-,4,1000
18782,Mayank,5637356,M,29,9823456723,amet.luctus.vulputate@dictum.co.uk,15,A+,3,750
19148,vivek,5218181528,M,30,7987652345,ut@egetlacusMauris.net,5,A+,1,250
19513,Aaditya,5657575567,M,40,9123456776,tristique.pharetra@liberoMorbi.com,39,AB+,5,1250
19878,Neeraj,3.41E+11,M,36,9465234568,odio@scelerisque.com,13,B-,14,3500
20243,kumar,7.62E+11,M,27,9345676683,ut@laciniamattis.com,12,O+,24,6000
20609,Abhinav,6440604640,M,44,7555664357,mollis.Phasellus@estvitaesodales.net,27,A+,4,1000
20974,Soham,3760906370,M,50,9099937399,lacus.Mauris@Praesenteu.co.uk,30,O+,6,1500
21339,Pranav,3724342374,M,26,9022937000,nulla.at@erat.org,11,A+,2,500
21704,Rohan,7082728702,M,39,9899770655,fringilla@ut.co.uk,11,O-,8,2000
22070,ajith,6573037653,M,34,7899865433,ante.blandit@luctus.co.uk,8,A+,7,1750
22435,ABHI,4754547,M,37,8885447855,malesuada@rhoncusid.com,9,O+,5,1250
22800,Aswini,3141814311,F,30,9876031111,libero.Integer@pretiumet.org,19,O+,4,1000
23165,Suhani,9.82E+11,F,24,7654398889,eu.turpis.Nulla@faucibus.org,7,A+,15,3750
23531,leah,6612521662,F,26,9908766554,facilisis.magna.tellus@Proin.com,20,B+,1,250
23896,Pavithra,328203,F,42,8876903547,erat@vulputateeu.edu,11,A+,2,500
24261,seema,2.22E+11,F,35,8976422345,id.libero@netus.com,30,B-,15,3750
24626,Anubhav,4.51E+11,M,29,8163545676,ac.nulla.In@semelitpharetra.co.uk,11,O+,13,3250
24992,Sumit,4229242,M,22,8800442123,tellus.Phasellus@Nullatempor.net,54,A+,2,500
25357,Deepro,3228382328,M,27,8890432345,vitae@molestiesodales.net,1,O+,2,500
25722,Shekhar,2343734233,M,37,9806423454,viverra.Maecenas.iaculis@dictum.co.uk,12,A+,4,1000
26087,dia,6.62E+11,F,31,8989766666,sodales.at@semper.edu,21,O+,16,4000
26453,ria,5.61E+11,F,34,9865456786,magna@metusIn.edu,20,AB+,10,2500
26818,anu,4310801430,F,30,8765443234,enim@justoPraesent.ca,1,O-,1,250
27183,Neelam,6755155675,F,40,8234567547,iaculis.aliquet@neque.net,11,O+,5,1250
27548,N.Priyanka,5647574567,F,36,9823456723,mauris.a@cursusetmagna.ca,18,O+,4,1000
27914,rhea,5219152,F,27,7987652345,nisi@etmalesuadafames.edu,1,B-,1,250
28279,Katherine,5612156,F,44,9123456776,Pellentesque@Etiambibendumfermentum.net,30,O+,1,250
28644,Rutuja,3447674347,F,50,9465234568,dui.lectus@sedsemegestas.co.uk,9,AB+,4,1000
29009,arti,7671017761,F,26,9345676683,nisi.dictum@noncursusnon.net,14,B+,7,1750
29375,debbie,6435353645,F,39,7555664357,ac.turpis.egestas@nuncQuisqueornare.edu,12,A+,3,750
29740,Crowny,4.71E+11,F,34,8805447855,mattis.semper.dui@magnamalesuadavel.co.uk,22,B+,11,2750
30105,manisha,3142124312,F,37,9876031011,ipsum@Nuncsollicitudincommodo.co.uk,1,A+,4,1000
30470,Mahima,9854598,F,30,7650398889,felis.purus@quis.net,7,A+,5,1250
30836,Aditi,6611811661,F,24,9901766554,magna@tinciduntorciquis.co.uk,21,A+,1,250
31201,Aashna,1132311003,F,26,8876900547,blandit.congue@ut.ca,11,O+,11,2750
31566,Tisha,3726562376,F,42,9099937399,sollicitudin.adipiscing@Maurisvelturpis.net,14,O+,2,500
31931,moii chhangte,6729267,M,35,8676767676,aliquam.arcu@posuereatvelit.edu,10,A+,2,500
32297,Sam,3.41E+11,F,29,8443434343,rutrum.justo@ipsum.ca,24,A+,14,3500
32662,swati,3319691339,F,22,9393933333,vulputate.velit.eu@Sed.org,15,A-,1,250
33027,ALOK,8812021882,M,27,9000888222,sapien.molestie@elit.co.uk,3,O+,1,250
33392,abdul,2223332223,M,37,9001122333,orci.adipiscing@loremluctusut.edu,6,AB+,2,500
33758,SUNNY,5.62E+11,F,31,9443256776,et.malesuada@elitNulla.net,21,A+,16,4000
34123,Siddharth,6748184678,M,34,7234567876,Aliquam.adipiscing.lobortis@lacusvestibulumlorem.net,13,A+,4,1000
34488,vedant,4310401430,M,44,9876543208,malesuada.fames.ac@ligulatortor.net,27,B-,1,250
34853,manu,9826862986,M,51,9087098546,at.velit.Cras@non.com,17,O+,2,500
35219,MOHIT,3734243374,M,24,8822937399,neque.pellentesque@enimCurabiturmassa.co.uk,1,B+,3,750
35584,Arun,3726562376,M,26,8022937399,amet.consectetuer@Donec.edu,3,B+,2,500
35949,Ajay,2.11E+11,M,42,7654321890,ullamcorper.magna.Sed@dictum.edu,27,A+,11,2750
36314,Shashank,6.51E+11,M,35,9098765477,est.mauris.rhoncus@gravidasit.co.uk,4,O+,11,2750
36680,Dhruv,1256512,M,29,9880012135,et.magnis.dis@turpisnon.co.uk,11,B+,5,1250
37045,Anirudh,6.51E+11,M,22,9098765432,Nullam@Suspendisseseddolor.edu,27,O-,12,3000
37410,Ram,3786468376,M,27,9992937399,consectetuer@vitaenibh.org,3,A+,8,2000
37775,sanchit,3727237,M,37,8888937399,parturient.montes.nascetur@erosNam.ca,3,O+,2,500
